<?xml version="1.0" encoding="UTF-8"?><TaskRepositories OutputVersion="1"><TaskRepository kind="bugzilla" url="http://bugzilla.gnome.org" version="2.20" encoding="UTF-8" timezone="America/Phoenix" org.eclipse.mylyn.tasklist.repositories.proxy.usedefault="true" org.eclipse.mylyn.tasklist.repositories.savePassword="true" org.eclipse.mylyn.tasklist.repositories.httpauth.savePassword="true" org.eclipse.mylyn.tasklist.repositories.proxy.savePassword="true" label="GNOME" org.eclipse.mylyn.tasklist.repositories.anonymous="false" category="org.eclipse.mylyn.category.bugs"/><TaskRepository kind="bugzilla" url="https://bugs.freedesktop.org" version="2.22" encoding="UTF-8" timezone="America/Phoenix" org.eclipse.mylyn.tasklist.repositories.proxy.usedefault="true" org.eclipse.mylyn.tasklist.repositories.savePassword="true" org.eclipse.mylyn.tasklist.repositories.httpauth.savePassword="true" org.eclipse.mylyn.tasklist.repositories.proxy.savePassword="true" label="freedesktop" org.eclipse.mylyn.tasklist.repositories.anonymous="false" category="org.eclipse.mylyn.category.bugs"/><TaskRepository kind="bugzilla" url="http://bugzilla.kernel.org" version="2.22" encoding="UTF-8" timezone="America/Phoenix" org.eclipse.mylyn.tasklist.repositories.proxy.usedefault="true" org.eclipse.mylyn.tasklist.repositories.savePassword="true" org.eclipse.mylyn.tasklist.repositories.httpauth.savePassword="true" org.eclipse.mylyn.tasklist.repositories.proxy.savePassword="true" label="Linux Kernel" org.eclipse.mylyn.tasklist.repositories.anonymous="false" category="org.eclipse.mylyn.category.bugs"/><TaskRepository kind="bugzilla" url="https://bugs.eclipse.org/bugs" version="3.0" encoding="ISO-8859-1" timezone="US/Arizona" org.eclipse.mylyn.tasklist.repositories.proxy.usedefault="true" org.eclipse.mylyn.tasklist.repositories.savePassword="true" org.eclipse.mylyn.tasklist.repositories.httpauth.savePassword="true" org.eclipse.mylyn.tasklist.repositories.proxy.savePassword="true" label="Eclipse.org" category="org.eclipse.mylyn.category.bugs" org.eclipse.mylyn.tasklist.repositories.anonymous="true"/><TaskRepository kind="local" url="local" version="1" encoding="UTF-8" timezone="America/Phoenix" org.eclipse.mylyn.tasklist.repositories.proxy.usedefault="true" org.eclipse.mylyn.tasklist.repositories.savePassword="true" org.eclipse.mylyn.tasklist.repositories.httpauth.savePassword="true" org.eclipse.mylyn.tasklist.repositories.proxy.savePassword="true" label="Local Tasks" org.eclipse.mylyn.tasklist.repositories.anonymous="true" category="org.eclipse.mylyn.category.tasks"/><TaskRepository kind="bugzilla" url="https://bugzilla.redhat.com" version="2.18" encoding="UTF-8" timezone="America/Phoenix" org.eclipse.mylyn.tasklist.repositories.proxy.usedefault="true" org.eclipse.mylyn.tasklist.repositories.savePassword="true" org.eclipse.mylyn.tasklist.repositories.httpauth.savePassword="true" org.eclipse.mylyn.tasklist.repositories.proxy.savePassword="true" label="Red Hat" org.eclipse.mylyn.tasklist.repositories.anonymous="false" category="org.eclipse.mylyn.category.bugs"/><TaskRepository kind="bugzilla" url="http://issues.apache.org/bugzilla" version="2.18" encoding="UTF-8" timezone="America/Phoenix" org.eclipse.mylyn.tasklist.repositories.proxy.usedefault="true" org.eclipse.mylyn.tasklist.repositories.savePassword="true" org.eclipse.mylyn.tasklist.repositories.httpauth.savePassword="true" org.eclipse.mylyn.tasklist.repositories.proxy.savePassword="true" label="Apache" org.eclipse.mylyn.tasklist.repositories.anonymous="false" category="org.eclipse.mylyn.category.bugs"/><TaskRepository kind="bugzilla" url="http://gcc.gnu.org/bugzilla" version="2.20" encoding="UTF-8" timezone="America/Phoenix" org.eclipse.mylyn.tasklist.repositories.proxy.usedefault="true" org.eclipse.mylyn.tasklist.repositories.savePassword="true" org.eclipse.mylyn.tasklist.repositories.httpauth.savePassword="true" org.eclipse.mylyn.tasklist.repositories.proxy.savePassword="true" label="GCC" org.eclipse.mylyn.tasklist.repositories.anonymous="false" category="org.eclipse.mylyn.category.bugs"/><TaskRepository kind="bugzilla" url="https://bugzilla.mozilla.org" version="3.0" encoding="UTF-8" timezone="America/Phoenix" org.eclipse.mylyn.tasklist.repositories.proxy.usedefault="true" org.eclipse.mylyn.tasklist.repositories.savePassword="true" org.eclipse.mylyn.tasklist.repositories.httpauth.savePassword="true" org.eclipse.mylyn.tasklist.repositories.proxy.savePassword="true" label="Mozilla" org.eclipse.mylyn.tasklist.repositories.anonymous="false" category="org.eclipse.mylyn.category.bugs"/></TaskRepositories>